States,Date,Req,vaccinated_pct,monthly_new_cases_per_100k, infection_rate,hospital_beds_per_100k,new_deaths_per_100K
AK,2021-Mar-01,0,0,650.6460212,1.08,6.212406313,2.899122946
AK,2021-Apr-01,0,23,695.6514536,1.07,8.283208418,1.794695157
AK,2021-May-01,0,36,280.110498,0.85,8.697368839,3.03717642
AK,2021-Jun-01,0,39,143.8517195,1.17,3.175229894,1.104427789
AK,2021-Jul-01,0,43,577.6157337,1.4,15.60004252,1.656641684
AK,2021-Aug-01,0,46,1793.176569,1.15,24.15935789,7.59294105
AK,2021-Sep-01,0,47,3588.42394,1.16,31.89035241,12.14870568
AK,2021-Oct-01,0,51,3194.55738,0.97,33.82310104,20.4319141
AK,2021-Nov-01,0,53,1798.698708,0.88,26.78237388,20.56996757
AK,2021-Dec-01,0,54,845.7155795,1.49,12.14870568,13.52924042
AK,2022-Jan-01,0,56,7636.289841,1.55,27.61069473,14.21950778
AK,2022-Feb-01,0,58,2983.611672,0.8,25.6779461,9.939850102
AL,2021-Mar-01,0,0,300.9002688,0.89,15.74725593,12.6869784
AL,2021-Apr-01,0,14,195.7564287,1.04,10.1739028,6.951491358
AL,2021-May-01,0,24,144.9274481,1.01,10.57923758,5.066684664
AL,2021-Jun-01,0,29,153.5813455,1.21,7.458159825,4.174948163
AL,2021-Jul-01,0,33,701.7155592,1.44,33.84545355,3.729079912
AL,2021-Aug-01,0,34,2312.880749,1.24,63.15115765,15.13925377
AL,2021-Sep-01,0,38,1960.725898,1,62.82688983,40.85774513
AL,2021-Oct-01,0,43,520.0850473,0.88,28.73823541,25.81982505
AL,2021-Nov-01,0,45,277.9380539,1.06,12.950446,11.06563931
AL,2021-Dec-01,0,46,1030.624461,1.6,20.8139406,6.809624188
AL,2022-Jan-01,0,48,6518.654621,1.48,67.02210473,12.78831209
AL,2022-Feb-01,0,50,1238.439599,0.74,61.67168572,23.08381533
AR,2021-Mar-01,1,0,263.1226792,0.9,16.61202935,12.62382389
AR,2021-Apr-01,1,14,175.5799213,1.03,7.317203404,3.757482829
AR,2021-May-01,1,26,186.4238849,1.02,7.514965659,3.098275315
AR,2021-Jun-01,1,31,263.8148471,1.28,11.53613149,2.570909304
AR,2021-Jul-01,1,34,1221.742246,1.29,36.28937364,7.646807161
AR,2021-Aug-01,1,37,2189.854401,1.12,47.462941,26.13757793
AR,2021-Sep-01,1,42,1423.426785,0.94,44.43058644,24.9510044
AR,2021-Oct-01,1,46,564.8749187,0.97,23.40186674,13.05230878
AR,2021-Nov-01,1,48,514.9399495,1.08,16.31538597,9.591469327
AR,2021-Dec-01,1,49,1240.892224,1.52,23.20410449,15.85394071
AR,2022-Jan-01,1,51,6930.677079,1.5,60.97669504,16.01874259
AR,2022-Feb-01,1,53,1406.32035,0.74,58.50466686,28.44480423
AZ,2021-Mar-01,0,0,326.8439275,1.03,15.15936683,13.17801099
AZ,2021-Apr-01,0,17,257.7890223,1.04,8.590307872,4.906847685
AZ,2021-May-01,0,29,252.0311224,1,8.616903253,4.042497822
AZ,2021-Jun-01,0,36,178.521491,1.09,7.460004205,4.135581654
AZ,2021-Jul-01,0,43,430.313255,1.23,15.83754903,4.135581654
AZ,2021-Aug-01,0,45,1126.154788,1.19,28.57673625,7.194050401
AZ,2021-Sep-01,0,48,1085.889382,0.98,28.62992701,15.93063287
AZ,2021-Oct-01,0,51,1001.542133,1.09,24.81348992,15.79765596
AZ,2021-Nov-01,0,53,1341.470988,1.09,36.48886192,15.41202295
AZ,2021-Dec-01,0,55,1485.458377,1.38,38.62979004,25.57145826
AZ,2022-Jan-01,0,57,6504.64495,1.41,49.78655213,26.28953353
AZ,2022-Feb-01,0,59,1412.826393,0.67,44.7999183,23.15127865
CA,2021-Mar-01,1,0,251.1013104,1,13.32626739,15.17159822
CA,2021-Apr-01,1,16,183.7808143,1.01,6.406907868,6.300883388
CA,2021-May-01,1,31,106.9660785,0.92,4.952857856,3.392783363
CA,2021-Jun-01,1,43,71.76342667,1.18,3.471039527,1.958928489
CA,2021-Jul-01,1,50,332.0005131,1.45,11.57686347,2.059904185
CA,2021-Aug-01,1,53,973.4258981,1.18,22.1717383,4.564101429
CA,2021-Sep-01,1,56,731.7203762,0.93,22.073287,8.620799989
CA,2021-Oct-01,1,59,450.9498822,1.05,12.7936206,7.23490857
CA,2021-Nov-01,1,61,423.5778955,1.09,10.80692379,6.386712729
CA,2021-Dec-01,1,63,1085.832042,1.56,16.12581854,5.147236069
CA,2022-Jan-01,1,66,7311.160366,1.52,40.84971754,8.981788099
CA,2022-Feb-01,1,69,1342.151272,0.73,34.15250455,12.30641287
CO,2021-Mar-01,1,0,553.0713309,1.09,7.618389605,2.239704739
CO,2021-Apr-01,1,18,830.8965233,1.09,12.67469273,2.731761083
CO,2021-May-01,1,33,550.017188,0.95,13.14978161,4.937530902
CO,2021-Jun-01,1,45,250.4227443,0.99,8.653404674,3.817678532
CO,2021-Jul-01,1,52,298.1522097,1.17,7.177235641,2.545119022
CO,2021-Aug-01,1,55,688.6074025,1.15,15.30464905,3.766776152
CO,2021-Sep-01,1,57,946.2752522,1.08,17.59525617,6.990593579
CO,2021-Oct-01,1,59,1199.972716,1.08,22.85516881,10.94401179
CO,2021-Nov-01,1,62,1506.642591,1.08,26.97826163,17.08623237
CO,2021-Dec-01,1,63,1677.980004,1.41,25.80750688,19.02052282
CO,2022-Jan-01,1,66,5604.216346,1.38,30.9486473,15.27071413
CO,2022-Feb-01,1,68,996.9909906,0.81,23.78837912,11.13065385
CT,2021-Mar-01,1,0,870.9135642,1.12,16.77540186,7.430714916
CT,2021-Apr-01,1,21,797.8167209,1.01,17.42277475,5.938942604
CT,2021-May-01,1,39,228.2130172,0.8,11.70900532,3.968677285
CT,2021-Jun-01,1,54,56.60290794,1.08,3.715357458,1.210305839
CT,2021-Jul-01,1,61,140.254744,1.37,4.953809944,0.450346359
CT,2021-Aug-01,1,63,527.3837325,1.26,12.24379162,1.998411966
CT,2021-Sep-01,1,66,486.1770407,1.02,11.9904718,5.094543181
CT,2021-Oct-01,1,69,344.458671,1,8.500287518,3.827944048
CT,2021-Nov-01,1,71,537.8542854,1.26,12.24379162,3.996823932
CT,2021-Dec-01,1,72,2490.865709,1.31,39.1801332,6.276702373
CT,2022-Jan-01,1,75,5325.68345,1.28,58.31985343,24.00909024
CT,2022-Feb-01,1,77,646.7255176,0.74,27.6681544,12.89116451
DE,2021-Mar-01,1,0,728.4411118,1.08,0,13.83371671
DE,2021-Apr-01,1,17,969.6728578,1.07,0,6.664418267
DE,2021-May-01,1,33,374.4191354,0.83,0,3.635137237
DE,2021-Jun-01,1,43,88.95988626,1.02,0,3.332209133
DE,2021-Jul-01,1,50,167.9231451,1.33,0,0.908784309
DE,2021-Aug-01,1,53,852.7426101,1.33,0,4.745873614
DE,2021-Sep-01,1,55,1323.896786,1.07,0,7.472226542
DE,2021-Oct-01,1,58,1134.465746,0.97,0,13.83371671
DE,2021-Nov-01,1,60,825.2771287,1.16,0,8.784914988
DE,2021-Dec-01,1,62,2744.124709,1.34,0,10.90541171
DE,2022-Jan-01,1,64,6840.621447,1.31,0,21.20496721
DE,2022-Feb-01,1,66,769.2354297,0.71,0,17.97373411
FL,2021-Mar-01,0,0,676.7685702,1.06,19.01608766,11.72499247
FL,2021-Apr-01,0,16,801.0316171,1.06,18.08191609,7.91083829
FL,2021-May-01,0,30,397.8203818,0.87,17.27533869,7.350335347
FL,2021-Jun-01,0,39,224.2057343,1.24,10.73158075,5.030855687
FL,2021-Jul-01,0,46,1190.339645,1.39,49.29236048,5.477435268
FL,2021-Aug-01,0,49,3006.46032,1.19,79.19952159,24.98111492
FL,2021-Sep-01,0,53,1459.577006,0.87,68.98287445,47.61085165
FL,2021-Oct-01,0,57,356.3112654,0.9,23.74618567,21.2398717
FL,2021-Nov-01,0,60,193.5649067,1.15,8.667289417,8.557922989
FL,2021-Dec-01,0,62,2164.416293,1.71,25.37301129,4.356429381
FL,2022-Jan-01,0,63,6240.316229,1.32,53.60777745,8.526024448
FL,2022-Feb-01,0,65,1219.134914,0.75,39.35368633,20.62012861
GA,2021-Mar-01,1,0,492.5389245,0.96,21.28345808,15.85409871
GA,2021-Apr-01,1,13,375.3367842,0.99,14.84763583,10.07386237
GA,2021-May-01,1,25,215.4569245,0.91,13.39795995,5.697133898
GA,2021-Jun-01,1,32,100.8771278,1.15,8.070170222,5.069248801
GA,2021-Jul-01,1,37,400.7384298,1.39,23.24098221,2.299167489
GA,2021-Aug-01,1,39,2023.184288,1.3,59.1135352,9.5013789
GA,2021-Sep-01,1,42,1586.111625,0.97,60.28620295,29.70450527
GA,2021-Oct-01,1,45,495.2905386,0.9,33.01013564,25.98336271
GA,2021-Nov-01,1,48,295.1798646,1.11,13.90580819,12.4561323
GA,2021-Dec-01,1,49,1555.936206,1.56,33.11170528,8.273309519
GA,2022-Jan-01,1,51,4650.661814,1.31,57.52535525,13.05631658
GA,2022-Feb-01,1,53,834.2746224,0.71,47.02674707,20.87717949
HI,2021-Mar-01,0,0,163.9612352,1.14,3.697304523,1.706448241
HI,2021-Apr-01,0,0,212.452806,1.04,4.408324623,1.422040201
HI,2021-May-01,0,0,161.2593588,1,5.261548744,1.208734171
HI,2021-Jun-01,0,0,96.41432563,1.08,5.474854774,1.208734171
HI,2021-Jul-01,0,0,302.3257467,1.38,9.527669347,1.422040201
HI,2021-Aug-01,0,0,1472.522628,1.34,32.28031256,3.697304523
HI,2021-Sep-01,0,0,1097.175117,0.97,33.70235277,13.72268794
HI,2021-Oct-01,0,0,341.4318523,0.95,14.8603201,9.527669347
HI,2021-Nov-01,0,0,225.6777799,1.04,6.470282915,7.252405025
HI,2021-Dec-01,0,0,1764.467481,1.67,12.79836181,5.119344724
HI,2022-Jan-01,0,0,7442.460698,1.33,30.4316603,6.470282915
HI,2022-Feb-01,0,0,1142.467098,0.66,25.52562161,10.87860754
IA,2021-Mar-01,0,0,471.8157409,1.05,7.070765101,8.617494967
IA,2021-Apr-01,0,20,424.2143401,1,10.13265892,4.387662272
IA,2021-May-01,0,35,207.7984226,0.9,8.996285954,3.314421141
IA,2021-Jun-01,0,44,76.92613639,1.04,6.881369607,2.619970997
IA,2021-Jul-01,0,48,184.3449473,1.33,8.617494967,1.420466203
IA,2021-Aug-01,0,50,787.569595,1.3,20.3915815,2.683102828
IA,2021-Sep-01,0,52,1493.383468,1.12,22.79059108,9.343511026
IA,2021-Oct-01,0,54,1075.608575,1.05,21.33855897,12.68949808
IA,2021-Nov-01,0,56,1241.361198,1.07,23.73756855,12.27914118
IA,2021-Dec-01,0,57,1579.653116,1.3,27.02042378,15.90922148
IA,2022-Jan-01,0,59,4317.806901,1.33,32.00783845,20.29688375
IA,2022-Feb-01,0,60,1154.081441,0.71,25.78935307,18.43449473
ID,2021-Mar-01,0,0,507.1707624,1.03,9.354220124,5.537268234
ID,2021-Apr-01,0,17,380.7812709,0.97,9.139180581,4.515830405
ID,2021-May-01,0,27,234.2855822,0.96,7.580143894,2.526714631
ID,2021-Jun-01,0,33,160.7420585,1.04,6.397426407,3.386872804
ID,2021-Jul-01,0,36,295.1417729,1.29,9.623019553,2.41919486
ID,2021-Aug-01,0,38,1123.527853,1.26,29.4604174,7.203824693
ID,2021-Sep-01,0,39,1930.463738,1.12,42.63158942,29.24537786
ID,2021-Oct-01,0,42,1827.782356,0.99,40.37367421,33.97624781
ID,2021-Nov-01,0,44,828.762399,0.95,24.67578757,21.02011534
ID,2021-Dec-01,0,45,675.7080043,1.36,17.09564368,12.52605338
ID,2022-Jan-01,0,46,3277.202637,1.39,33.22360941,14.03133019
ID,2022-Feb-01,0,52,2329.362091,0.92,32.20217158,16.66556459
IL,2021-Mar-01,0,0,463.1196864,1.14,12.06906881,6.714762078
IL,2021-Apr-01,0,17,720.4366887,1.13,17.68591955,5.664586019
IL,2021-May-01,0,31,377.9201756,0.91,16.72325816,7.414879451
IL,2021-Jun-01,0,40,76.96517576,1.15,9.31633459,3.588101537
IL,2021-Jul-01,0,46,220.4653696,1.33,7.884276326,1.949190414
IL,2021-Aug-01,0,49,825.6134122,1.25,17.96437532,4.646233476
IL,2021-Sep-01,0,51,837.7938633,1.02,19.0463749,9.268599314
IL,2021-Oct-01,0,54,543.0205816,1.07,13.67615641,7.597864674
IL,2021-Nov-01,0,61,908.6727915,1.18,19.0463749,6.014644705
IL,2021-Dec-01,0,62,2696.541842,1.28,47.17836389,12.61006859
IL,2022-Jan-01,0,64,6139.011009,1.24,59.04057984,29.33332676
IL,2022-Feb-01,0,66,847.301139,0.74,29.4685767,16.61187585
IN,2021-Mar-01,0,0,365.945243,1.08,10.94676595,6.847238836
IN,2021-Apr-01,0,17,462.5412689,1.08,13.95896329,4.305238152
IN,2021-May-01,0,27,325.4201685,0.98,14.69364557,4.231769925
IN,2021-Jun-01,0,36,124.7490509,1.08,10.02106628,3.379538481
IN,2021-Jul-01,0,40,255.419641,1.29,11.79899739,2.292208709
IN,2021-Aug-01,0,44,1282.387917,1.29,32.53173129,7.141111748
IN,2021-Sep-01,0,46,1531.988875,1.04,39.27611461,17.14748438
IN,2021-Oct-01,0,48,822.8882329,1.07,27.93262023,15.06098671
IN,2021-Nov-01,0,50,1213.724511,1.16,32.54642494,12.84224623
IN,2021-Dec-01,0,51,2141.760472,1.3,44.4629715,21.74659545
IN,2022-Jan-01,0,52,5535.963212,1.3,50.50205983,34.07456408
IN,2022-Feb-01,0,53,837.3320865,0.63,38.68836879,21.21762421
KS,2021-Mar-01,1,0,269.3999501,0.99,10.66082001,7.164345282
KS,2021-Apr-01,1,17,225.9339701,1.06,8.706907663,2.879449778
KS,2021-May-01,1,32,159.2952752,0.93,6.684436985,3.085124762
KS,2021-Jun-01,1,39,127.7927235,1.24,5.724620393,2.570937302
KS,2021-Jul-01,1,42,499.6188157,1.32,16.3854404,2.365262318
KS,2021-Aug-01,1,45,1232.987251,1.17,27.49188955,10.18091172
KS,2021-Sep-01,1,48,1368.184274,1.04,27.42333122,16.79679037
KS,2021-Oct-01,1,51,879.6033489,1.04,20.63605674,12.47761571
KS,2021-Nov-01,1,53,1050.279307,1.13,22.14433996,9.735282584
KS,2021-Dec-01,1,55,1856.559524,1.39,32.05101837,10.72937834
KS,2022-Jan-01,1,57,7216.998078,1.4,47.06529221,14.08873642
KS,2022-Feb-01,1,59,1216.087623,0.61,39.28392198,13.95161976
KY,2021-Mar-01,0,0,484.8335522,0.96,15.80105666,18.25602309
KY,2021-Apr-01,0,18,387.3713849,1,10.53403777,10.46708414
KY,2021-May-01,0,32,280.9151133,0.98,9.998408735,5.378608271
KY,2021-Jun-01,0,39,131.2737504,1.11,7.521124428,3.526224509
KY,2021-Jul-01,0,44,396.7448931,1.39,17.43026166,2.477284307
KY,2021-Aug-01,0,46,2141.935893,1.3,52.96032127,9.10569367
KY,2021-Sep-01,0,49,2614.94097,1.04,59.23164461,23.03204869
KY,2021-Oct-01,0,51,1160.998261,0.93,43.8546276,22.22860513
KY,2021-Nov-01,0,51,931.2357207,1.14,22.58569116,26.42436594
KY,2021-Dec-01,0,52,1651.322011,1.36,36.35582105,24.79516095
KY,2022-Jan-01,0,54,6871.942032,1.36,63.44972329,18.41224823
KY,2022-Feb-01,0,56,2522.522643,0.78,59.4325055,19.14873816
LA,2021-Mar-01,0,0,320.574748,0.98,12.44866546,11.51933801
LA,2021-Apr-01,0,17,294.9642122,1.05,7.261721521,5.20855621
LA,2021-May-01,0,27,261.5948729,0.99,7.153660189,4.192779688
LA,2021-Jun-01,0,31,233.0234567,1.25,8.493620707,3.501187162
LA,2021-Jul-01,0,35,1301.317786,1.42,38.12403798,5.640801538
LA,2021-Aug-01,0,37,2985.021403,1.19,59.60663082,29.39268235
LA,2021-Sep-01,0,42,1312.664226,0.85,47.59021068,34.36350363
LA,2021-Oct-01,0,46,387.6808352,0.93,14.91246384,12.92413533
LA,2021-Nov-01,0,48,268.4891859,1.08,4.884372213,5.489515673
LA,2021-Dec-01,0,49,1249.210612,1.66,19.04040673,3.99826929
LA,2022-Jan-01,0,50,6066.995432,1.47,45.23447364,14.8692393
LA,2022-Feb-01,0,52,1197.859867,0.7,36.3734444,20.14263231
MA,2021-Mar-01,0,0,787.4727711,1.09,10.99499019,15.43638754
MA,2021-Apr-01,0,20,772.4414622,1.02,9.996760818,6.148514251
MA,2021-May-01,0,37,260.0025838,0.82,7.219079086,3.790378197
MA,2021-Jun-01,0,54,43.70508601,1.1,2.907885564,1.764985267
MA,2021-Jul-01,0,62,141.9800444,1.46,3.414233796,1.273104127
MA,2021-Aug-01,0,64,579.9712655,1.26,7.508420933,2.372603146
MA,2021-Sep-01,0,66,753.4751041,1.06,9.345741662,5.511962188
MA,2021-Oct-01,0,68,578.2641486,1.04,7.450552563,5.338357079
MA,2021-Nov-01,0,70,971.826929,1.17,12.12342339,5.902573681
MA,2021-Dec-01,0,71,3204.706897,1.32,26.98112724,12.57190326
MA,2022-Jan-01,0,75,6813.711158,1.29,47.94394407,25.47654964
MA,2022-Feb-01,0,77,839.0913567,0.77,24.20344551,19.32803539
MD,2021-Mar-01,1,0,482.2077094,1.1,21.82860391,6.875021021
MD,2021-Apr-01,1,18,594.5326931,1.07,25.43922646,7.55098232
MD,2021-May-01,1,35,206.3495518,0.8,19.78423315,5.374716673
MD,2021-Jun-01,1,48,39.4035977,1.06,8.836957475,2.093831342
MD,2021-Jul-01,1,56,103.3891051,1.38,7.105837074,1.401383182
MD,2021-Aug-01,1,59,469.1830892,1.32,16.4703741,3.181964165
MD,2021-Sep-01,1,62,582.7281007,1.03,17.60796751,7.056376491
MD,2021-Oct-01,1,64,476.9813745,0.97,17.24525657,7.468548015
MD,2021-Nov-01,1,66,410.1106664,1.07,14.821688,5.127413759
MD,2021-Dec-01,1,68,1348.493332,1.77,46.45997419,0.807856187
MD,2022-Jan-01,1,71,4199.994856,1.3,62.91386143,28.45632202
MD,2022-Feb-01,1,73,382.7259903,0.81,29.7752709,10.46915671
ME,2021-Mar-01,0,0,433.3632086,1.14,7.751812078,3.02689805
ME,2021-Apr-01,0,20,790.6110052,1.17,10.77871013,3.02689805
ME,2021-May-01,0,40,484.8204754,0.92,11.95993864,3.02689805
ME,2021-Jun-01,0,54,92.50495747,0.87,9.006867367,2.436283796
ME,2021-Jul-01,0,62,105.5722978,1.33,5.020221156,3.100724831
ME,2021-Aug-01,0,64,398.2216605,1.25,12.25524576,2.362457014
ME,2021-Sep-01,0,66,1043.393906,1.19,17.93990795,6.644410353
ME,2021-Oct-01,0,69,1053.655828,1.03,17.49694726,10.70488335
ME,2021-Nov-01,0,71,1137.227745,1.1,25.91320038,11.59080473
ME,2021-Dec-01,0,72,1998.786288,1.17,31.15490188,15.28214381
ME,2022-Jan-01,0,76,2029.424402,1.07,35.87981591,15.28214381
ME,2022-Feb-01,0,78,1424.78306,1.02,30.2689805,24.06753083
MI,2021-Mar-01,0,0,1003.349837,1.28,25.95965925,6.144653346
MI,2021-Apr-01,0,17,1898.968089,1.18,44.1033995,16.32236092
MI,2021-May-01,0,33,556.6515522,0.78,30.49309242,16.1922624
MI,2021-Jun-01,0,42,84.13371446,0.97,10.11766211,6.234721555
MI,2021-Jul-01,0,47,110.133404,1.34,4.233205807,1.921455118
MI,2021-Aug-01,0,49,491.9125254,1.32,12.49946585,3.622743504
MI,2021-Sep-01,0,51,896.0585852,1.11,17.11295964,8.026078149
MI,2021-Oct-01,0,52,1245.042871,1.08,22.85730984,13.01985994
MI,2021-Nov-01,0,54,1997.262527,1.16,45.374362,17.3231188
MI,2021-Dec-01,0,55,2342.443933,1.28,47.68611269,36.17739714
MI,2022-Jan-01,0,57,5464.117977,1.28,49.89778759,32.43456269
MI,2022-Feb-01,0,58,997.0550698,0.75,33.20514626,22.15677933
MN,2021-Mar-01,0,0,583.9059946,1.14,9.585731665,4.118184536
MN,2021-Apr-01,0,19,986.5768213,1.13,14.43993216,5.450022939
MN,2021-May-01,0,35,448.1285743,0.88,12.31950523,4.941821443
MN,2021-Jun-01,0,46,69.76379846,0.99,5.695361592,2.944063839
MN,2021-Jul-01,0,52,128.5574543,1.35,5.222208475,1.296790024
MN,2021-Aug-01,0,54,653.0038739,1.31,12.33702942,2.505959101
MN,2021-Sep-01,0,56,1071.428947,1.1,16.17482692,5.450022939
MN,2021-Oct-01,0,58,1340.197442,1.12,19.53947131,9.41048977
MN,2021-Nov-01,0,60,2187.369335,1.12,29.65092866,12.49474712
MN,2021-Dec-01,0,63,1925.172412,1.25,31.91154911,20.15281794
MN,2022-Jan-01,0,66,5249.388493,1.29,30.93019449,15.85939151
MN,2022-Feb-01,0,67,1590.740779,0.72,26.09351819,12.26693266
MO,2021-Mar-01,0,0,292.3794601,1.04,16.51797249,10.01776938
MO,2021-Apr-01,0,16,299.8036323,1.02,13.74606543,3.241996564
MO,2021-May-01,0,28,235.0123309,1.02,13.22734598,5.219614468
MO,2021-Jun-01,0,34,313.257918,1.18,15.52916354,4.165965585
MO,2021-Jul-01,0,39,988.6954822,1.22,33.61950437,6.338103283
MO,2021-Aug-01,0,42,1282.82562,1.06,39.99002762,15.57779349
MO,2021-Sep-01,0,45,1009.5091,0.97,35.87269198,14.92939418
MO,2021-Oct-01,0,48,571.4667344,1.04,23.26132535,9.48283995
MO,2021-Nov-01,0,50,655.2237156,1.18,23.66657492,10.89310846
MO,2021-Dec-01,0,51,1636.381556,1.34,43.50759389,11.18488815
MO,2022-Jan-01,0,53,5227.34663,1.34,64.43468171,19.41955942
MO,2022-Feb-01,0,54,1068.967317,0.66,54.70869202,21.36475736
MS,2021-Mar-01,0,0,348.9406545,0.93,16.34974567,11.83249635
MS,2021-Apr-01,0,15,227.68285,1.01,9.203052717,5.629706241
MS,2021-May-01,0,24,175.4647963,0.97,8.393993137,3.94416545
MS,2021-Jun-01,0,27,136.5625149,1.22,7.146692952,3.236238318
MS,2021-Jul-01,0,30,732.9068466,1.42,33.0365995,4.416116871
MS,2021-Aug-01,0,35,3142.421118,1.29,61.28626315,29.19356649
MS,2021-Sep-01,0,38,1741.905275,0.87,55.55542446,40.14958163
MS,2021-Oct-01,0,44,536.811031,0.89,20.4624652,16.01263751
MS,2021-Nov-01,0,46,332.1526682,1.1,9.101920269,7.07927132
MS,2021-Dec-01,0,47,996.6939803,1.61,22.61995741,5.562284609
MS,2022-Jan-01,0,48,6192.036359,1.51,57.57807341,16.34974567
MS,2022-Feb-01,0,50,2077.867265,0.86,51.3752833,36.17170537
MT,2021-Mar-01,0,0,392.9939429,1.02,6.728085795,7.281079148
MT,2021-Apr-01,0,20,392.0722873,1,6.820251354,12.44235044
MT,2021-May-01,0,33,276.2201798,0.98,7.373244707,3.870953471
MT,2021-Jun-01,0,38,154.3773111,0.99,6.820251354,4.79260906
MT,2021-Jul-01,0,43,241.289433,1.31,10.69120483,3.594456795
MT,2021-Aug-01,0,44,992.4387376,1.27,25.80635647,8.847893648
MT,2021-Sep-01,0,46,2206.074816,1.15,42.67265374,19.2626018
MT,2021-Oct-01,0,49,2290.86713,1,48.01825615,31.05979333
MT,2021-Nov-01,0,51,1399.257514,0.9,36.22106462,30.04597218
MT,2021-Dec-01,0,52,604.7903971,1.48,18.70960844,21.65890633
MT,2022-Jan-01,0,54,4160.906319,1.49,31.33629,8.940059207
MT,2022-Feb-01,0,55,2133.632687,0.87,34.469919,15.57597944
NC,2021-Mar-01,0,0,522.6510141,1.01,12.55954805,7.466576557
NC,2021-Apr-01,0,0,515.3059212,1.05,11.46619454,5.036902083
NC,2021-May-01,0,0,292.4393577,0.92,10.14856338,3.980928177
NC,2021-Jun-01,0,0,119.5119494,1.09,5.952702462,3.261370736
NC,2021-Jul-01,0,0,323.3896725,1.37,11.83064571,1.906359972
NC,2021-Aug-01,0,0,1552.814301,1.31,34.44530812,7.260988717
NC,2021-Sep-01,0,0,1701.463655,1.03,35.17421046,19.21311815
NC,2021-Oct-01,0,0,767.5808909,0.9,25.87603315,14.26966508
NC,2021-Nov-01,0,0,530.0054518,1.15,11.98950904,6.466672062
NC,2021-Dec-01,0,0,1393.51176,1.48,27.25907862,6.317153633
NC,2022-Jan-01,0,0,6875.997451,1.45,52.37817472,12.43806433
NC,2022-Feb-01,0,0,1531.106094,0.71,47.79917283,16.28816388
ND,2021-Mar-01,0,0,426.4791059,1.14,10.90872256,2.98691213
ND,2021-Apr-01,0,21,568.9418279,1.08,16.2332181,3.376509365
ND,2021-May-01,0,33,320.8982554,0.92,15.0644264,2.727180641
ND,2021-Jun-01,0,37,99.08756328,0.89,8.830870646,2.077851917
ND,2021-Jul-01,0,39,121.6842029,1.35,6.49328724,1.428523193
ND,2021-Aug-01,0,40,760.23407,1.34,24.80435726,2.857046385
ND,2021-Sep-01,0,42,1904.221416,1.16,36.62214003,6.882884474
ND,2021-Oct-01,0,44,2108.759964,1.04,39.73891791,19.9993247
ND,2021-Nov-01,0,46,1805.393584,1,38.18052897,17.14227831
ND,2021-Dec-01,0,49,1543.843974,1.37,36.75200578,16.49294959
ND,2022-Jan-01,0,53,6434.458057,1.41,42.85569578,10.77885682
ND,2022-Feb-01,0,54,1852.145252,0.73,44.02448748,12.85670873
NE,2021-Mar-01,0,0,426.1279224,1.13,9.067641532,4.456976346
NE,2021-Apr-01,0,19,523.7715651,1.09,10.04100418,4.713124412
NE,2021-May-01,0,32,178.125365,0.84,8.043049269,2.25410298
NE,2021-Jun-01,0,42,55.17429339,1.16,4.098369054,1.280740329
NE,2021-Jul-01,0,48,189.3958799,1.33,8.811493466,1.588118008
NE,2021-Aug-01,0,50,809.6328066,1.24,19.41602339,2.202873367
NE,2021-Sep-01,0,52,1137.041264,1.07,23.41193322,4.20082828
NE,2021-Oct-01,0,55,889.5510032,1.09,25.46111775,12.24387755
NE,2021-Nov-01,0,56,1332.738387,1.1,29.50825719,9.221330372
NE,2021-Dec-01,0,57,1456.406673,1.37,33.76031508,9.272559985
NE,2022-Jan-01,0,60,5177.725774,1.38,40.8300017,16.90577235
NE,2022-Feb-01,0,62,729.6633805,0.61,38.83204679,12.80740329
NH,2021-Mar-01,1,0,637.8065053,1.11,9.036563832,4.955535005
NH,2021-Apr-01,1,0,780.4967632,1.08,10.49407413,4.73690846
NH,2021-May-01,1,0,279.8419767,0.82,6.850298389,3.643775739
NH,2021-Jun-01,1,0,56.69715049,0.98,2.623518532,1.384634781
NH,2021-Jul-01,1,0,84.02546853,1.39,2.769269561,1.093132722
NH,2021-Aug-01,1,0,512.4606199,1.37,8.890812802,2.186265443
NH,2021-Sep-01,1,0,916.7011003,1.11,11.22282928,4.664032946
NH,2021-Oct-01,1,0,887.1136413,1.11,16.10548877,6.121543241
NH,2021-Nov-01,1,0,1755.4254,1.16,29.73321003,11.00420273
NH,2021-Dec-01,1,0,2727.220389,1.21,35.05312261,17.85450112
NH,2022-Jan-01,1,0,5698.063625,1.25,33.74136334,18.07312766
NH,2022-Feb-01,1,0,1521.13062,0.8,23.24728921,11.95158442
NJ,2021-Mar-01,0,0,1346.078436,1.06,27.30288511,14.37824243
NJ,2021-Apr-01,0,20,1097.693171,0.98,27.70854086,11.56118866
NJ,2021-May-01,0,37,186.8382741,0.84,17.34178299,7.414485516
NJ,2021-Jun-01,0,49,79.58740304,1.02,6.253859364,2.704371617
NJ,2021-Jul-01,0,55,179.8181761,1.31,5.960885772,1.69023226
NJ,2021-Aug-01,0,59,592.8545995,1.22,12.50771873,3.166368435
NJ,2021-Sep-01,0,62,705.4353362,1.03,14.07400062,6.141177213
NJ,2021-Oct-01,0,64,499.7115337,1.02,12.91337447,6.141177213
NJ,2021-Nov-01,0,66,606.0947522,1.21,12.5640598,4.710113899
NJ,2021-Dec-01,0,68,3510.589869,1.43,48.5998116,7.29053515
NJ,2022-Jan-01,0,71,6170.508377,1.21,72.69125541,27.10005724
NJ,2022-Feb-01,0,73,618.6475438,0.85,33.08347944,16.38398471
NM,2021-Mar-01,1,0,309.7379816,0.99,10.87883402,10.59379906
NM,2021-Apr-01,1,24,288.8829243,1.02,7.695943715,6.175757302
NM,2021-May-01,1,38,241.7096396,1.01,8.361025271,3.895477683
NM,2021-Jun-01,1,48,129.2633509,0.99,5.748204874,3.657948556
NM,2021-Jul-01,1,55,231.543393,1.31,8.693566049,3.325407778
NM,2021-Aug-01,1,57,1054.534312,1.3,22.28023211,5.130629143
NM,2021-Sep-01,1,60,969.5938965,1.02,22.51776124,13.44414859
NM,2021-Oct-01,1,62,1053.916737,1.12,21.99519716,11.7814447
NM,2021-Nov-01,1,62,1855.340011,1.12,33.44410108,15.10685248
NM,2021-Dec-01,1,64,1699.710927,1.32,37.29207294,23.1828428
NM,2022-Jan-01,1,66,6177.847559,1.38,38.3372011,28.45598942
NM,2022-Feb-01,1,68,1458.238817,0.71,35.39183992,21.33011561
NV,2021-Mar-01,0,0,313.3920483,1.04,14.94136769,9.165712951
NV,2021-Apr-01,0,16,341.7367017,1.08,13.05800201,6.748727002
NV,2021-May-01,0,28,260.846146,0.99,12.30465574,3.829510206
NV,2021-Jun-01,0,37,312.7642597,1.16,13.27772801,3.076163936
NV,2021-Jul-01,0,42,712.19473,1.18,36.53729409,7.250957848
NV,2021-Aug-01,0,45,1073.487045,1.05,41.43404485,18.77087789
NV,2021-Sep-01,0,48,964.2518361,1,38.29510206,20.08923387
NV,2021-Oct-01,0,51,577.3143582,1.04,27.59130714,15.09831483
NV,2021-Nov-01,0,53,669.1912137,1.04,23.22817666,12.11631918
NV,2021-Dec-01,0,55,958.6331285,1.43,29.94551423,12.64993945
NV,2022-Jan-01,0,57,4887.867547,1.43,65.54112549,16.66778622
NV,2022-Feb-01,0,59,768.6957002,0.86,53.23646974,22.3806621
NY,2021-Mar-01,0,0,1074.026964,1.05,32.62697513,13.71503941
NY,2021-Apr-01,0,17,905.3221348,1.02,27.8549497,10.04146066
NY,2021-May-01,0,35,281.4044221,0.79,16.76685588,5.336792819
NY,2021-Jun-01,0,47,64.83944207,1.09,7.989645171,1.766841118
NY,2021-Jul-01,0,54,182.8913718,1.34,5.917104271,0.886011235
NY,2021-Aug-01,0,57,662.0887347,1.27,14.35752709,3.010365658
NY,2021-Sep-01,0,60,768.4308083,1.02,15.32643996,5.626948545
NY,2021-Oct-01,0,64,691.1664835,1.03,14.51296766,5.502596091
NY,2021-Nov-01,0,67,884.3635649,1.13,17.78240093,5.461145273
NY,2021-Dec-01,0,69,3861.962351,1.42,48.76688739,10.07254878
NY,2022-Jan-01,0,72,6816.39013,1.2,70.23841112,27.22282473
NY,2022-Feb-01,0,74,609.8296159,0.8,37.49744624,12.84457223
OH,2021-Mar-01,0,0,428.0463947,1.07,12.54842454,9.868012768
OH,2021-Apr-01,0,17,467.3306462,1.06,16.02271623,5.762031677
OH,2021-May-01,0,33,252.863559,0.9,13.64107647,4.925470041
OH,2021-Jun-01,0,40,80.15626288,1,9.569240755,3.824281765
OH,2021-Jul-01,0,45,153.2529699,1.33,9.082669192,1.56215081
OH,2021-Aug-01,0,47,782.1253753,1.3,24.35418722,3.192592366
OH,2021-Sep-01,0,49,1648.128859,1.17,35.7245964,9.21071434
OH,2021-Oct-01,0,50,1121.291364,1.02,33.99171872,22.04083821
OH,2021-Nov-01,0,52,1236.83077,1.11,36.00629572,17.58486704
OH,2021-Dec-01,0,53,2781.806458,1.19,51.90950315,24.41394162
OH,2022-Jan-01,0,55,4463.269737,1.16,61.88848838,30.93570785
OH,2022-Feb-01,0,57,621.4970049,0.72,38.08916347,29.95402838
OK,2021-Mar-01,1,0,347.2296184,0.94,16.23879855,13.15643401
OK,2021-Apr-01,1,19,204.9145922,0.96,8.545417138,2.982125042
OK,2021-May-01,1,30,121.9664082,0.95,7.292423423,3.25778366
OK,2021-Jun-01,1,34,117.2551519,1.19,9.923710225,2.430807808
OK,2021-Jul-01,1,39,570.9641762,1.35,23.00496461,2.430807808
OK,2021-Aug-01,1,40,1787.345415,1.2,42.17576845,8.194578898
OK,2021-Sep-01,1,44,1548.875651,1,41.04807411,22.72930599
OK,2021-Oct-01,1,48,757.1339824,0.91,26.01214953,15.78772081
OK,2021-Nov-01,1,50,575.0990554,1.14,15.58724182,4.235118757
OK,2021-Dec-01,1,52,1052.790379,1.46,27.08972412,7.091944428
OK,2022-Jan-01,1,54,6715.444877,1.48,60.04345883,12.32945816
OK,2022-Feb-01,1,55,1066.924149,0.78,55.35726234,23.70664109
OR,2021-Mar-01,0,0,219.5158854,1.13,5.735015698,4.149726806
OR,2021-Apr-01,0,17,462.1816513,1.16,9.371854921,2.681003273
OR,2021-May-01,0,31,389.8645021,0.98,9.698237928,4.406170597
OR,2021-Jun-01,0,46,165.9657592,0.93,7.32030459,2.40124641
OR,2021-Jul-01,0,54,258.2155848,1.34,9.418481065,1.934984971
OR,2021-Aug-01,0,56,1317.934583,1.32,29.07140071,7.576748381
OR,2021-Sep-01,0,58,1253.473939,0.98,29.3278445,13.52158173
OR,2021-Oct-01,0,61,815.9342049,0.97,20.51550331,13.5448948
OR,2021-Nov-01,0,63,607.2122718,1.03,14.99030526,18.39401376
OR,2021-Dec-01,0,64,703.2155021,1.54,12.93875493,11.51665754
OR,2022-Jan-01,0,67,4956.662165,1.54,30.19042817,9.348541849
OR,2022-Feb-01,0,68,1361.133705,0.75,30.3303066,11.23690068
PA,2021-Mar-01,1,0,738.0747592,1.12,20.2356694,8.653462639
PA,2021-Apr-01,1,17,982.7381383,1.09,26.72576638,8.786232372
PA,2021-May-01,1,33,394.4744986,0.84,20.7355084,7.755314441
PA,2021-Jun-01,1,44,76.72528607,0.92,11.3166673,3.569162839
PA,2021-Jul-01,1,50,97.02343534,1.36,5.693478577,1.296457399
PA,2021-Aug-01,1,53,557.3673418,1.32,17.08824572,3.006843967
PA,2021-Sep-01,1,55,1011.95529,1.11,26.17125749,9.098631745
PA,2021-Oct-01,1,58,1054.340075,1.03,27.94412394,16.04170782
PA,2021-Nov-01,1,58,1177.394188,1.1,35.01996974,15.36223918
PA,2021-Dec-01,1,59,2339.121547,1.29,46.50064671,25.64798854
PA,2022-Jan-01,1,64,4881.685376,1.27,64.55733048,30.27149927
PA,2022-Feb-01,1,66,776.7966615,0.69,37.80032416,20.57149873
RI,2021-Mar-01,0,0,1102.863942,1.02,18.93530813,11.02204503
RI,2021-Apr-01,0,22,1022.789256,1.03,18.46428057,4.992892194
RI,2021-May-01,0,37,337.0673259,0.81,17.05119787,3.485603985
RI,2021-Jun-01,0,52,81.95879639,0.98,9.13793477,2.072521288
RI,2021-Jul-01,0,59,164.3886204,1.42,7.536441048,0.942055131
RI,2021-Aug-01,0,62,779.8332374,1.31,12.34092222,2.826165393
RI,2021-Sep-01,0,65,917.9385196,1.06,14.60185453,6.40597489
RI,2021-Oct-01,0,68,663.5836342,1.05,11.21045606,3.768220524
RI,2021-Nov-01,0,71,1164.191731,1.22,15.26129312,5.087097707
RI,2021-Dec-01,0,73,3705.385447,1.38,31.27623035,12.62353875
RI,2022-Jan-01,0,77,10615.35983,1.38,52.37826528,23.55137827
RI,2022-Feb-01,0,79,1105.030669,0.77,25.62389956,8.478496179
SC,2021-Mar-01,0,0,659.4945271,0.97,13.717759,11.36830857
SC,2021-Apr-01,0,15,512.1233537,0.96,10.40200234,6.650460511
SC,2021-May-01,0,28,276.6856833,0.9,7.465189292,4.528376246
SC,2021-Jun-01,0,34,67.79301342,1.26,4.206274169,1.743140647
SC,2021-Jul-01,0,39,384.7793506,1.44,13.47144565,1.762087828
SC,2021-Aug-01,0,41,2238.40101,1.34,44.69639985,13.14934357
SC,2021-Sep-01,0,44,2313.431846,1.05,49.54687817,35.50701709
SC,2021-Oct-01,0,47,753.4535974,0.88,32.1154717,23.57029309
SC,2021-Nov-01,0,50,401.0928734,1.12,11.19778394,9.359907386
SC,2021-Dec-01,0,52,1079.970367,1.62,20.7850575,8.071499082
SC,2022-Jan-01,0,53,7762.641085,1.59,51.47949062,15.2145863
SC,2022-Feb-01,0,55,1403.057696,0.67,45.32165682,24.82080704
SD,2021-Mar-01,0,0,594.7036576,1.06,10.93041231,5.242136516
SD,2021-Apr-01,0,23,546.6321504,1,13.60724798,3.569114224
SD,2021-May-01,0,38,170.7598087,0.8,11.26501677,5.242136516
SD,2021-Jun-01,0,42,38.47951273,0.96,4.46139278,2.342231209
SD,2021-Jul-01,0,46,75.84367726,1.37,4.126788321,0.892278556
SD,2021-Aug-01,0,47,785.5397337,1.47,25.54147366,2.899905307
SD,2021-Sep-01,0,49,1423.072762,1.11,26.09914776,8.142041823
SD,2021-Oct-01,0,52,1055.565532,1.03,24.53766029,10.37273821
SD,2021-Nov-01,0,53,1307.857293,1.06,27.88370487,11.04194713
SD,2021-Dec-01,0,55,1449.506514,1.41,30.895145,17.06482738
SD,2022-Jan-01,0,57,5265.447294,1.42,46.17541527,18.2917104
SD,2022-Feb-01,0,59,1045.527398,0.66,39.70639574,16.95329256
TN,2021-Mar-01,0,0,522.7194834,1,14.24197827,6.940984353
TN,2021-Apr-01,0,14,433.0627021,0.99,14.24197827,4.348915507
TN,2021-May-01,0,25,218.410601,0.91,12.68673696,3.470492176
TN,2021-Jun-01,0,32,56.40629815,1.31,7.689804241,1.800047809
TN,2021-Jul-01,0,36,369.3266093,1.47,16.66124252,2.476865786
TN,2021-Aug-01,0,39,2197.152756,1.32,51.48136735,10.65628303
TN,2021-Sep-01,0,42,2416.816191,1.07,57.91833831,23.73183032
TN,2021-Oct-01,0,46,732.2162477,0.92,35.78495045,17.13645514
TN,2021-Nov-01,0,48,513.5032386,1.11,14.27077903,9.89306276
TN,2021-Dec-01,0,50,1341.352426,1.43,27.41832823,23.1702154
TN,2022-Jan-01,0,51,6091.50579,1.38,53.82862969,20.36214082
TN,2022-Feb-01,0,53,2197.397563,0.78,51.89897844,22.88220775
TX,2021-Mar-01,0,0,452.0268893,0.96,21.28803833,15.43206191
TX,2021-Apr-01,0,14,333.740202,1,11.95076634,6.276422739
TX,2021-May-01,0,28,197.3776864,0.91,11.03923871,4.271734662
TX,2021-Jun-01,0,36,119.009855,1.14,7.248494642,2.842217157
TX,2021-Jul-01,0,41,465.4643539,1.35,24.25807117,2.97339641
TX,2021-Aug-01,0,44,1505.302114,1.25,49.58912135,12.79165899
TX,2021-Sep-01,0,48,1532.166952,1.02,49.41757925,28.00845238
TX,2021-Oct-01,0,51,573.357608,0.89,30.49749463,20.13097004
TX,2021-Nov-01,0,53,326.9895159,1.06,13.25246816,7.931299474
TX,2021-Dec-01,0,55,772.4238068,1.48,23.6358106,6.44796484
TX,2022-Jan-01,0,57,4976.614607,1.48,48.67086658,12.21648842
TX,2022-Feb-01,0,59,1147.38793,0.73,43.6692371,17.66210922
UT,2021-Mar-01,0,0,435.2154511,0.97,6.735585093,5.648226064
UT,2021-Apr-01,0,12,353.0292312,0.98,5.10454655,2.416353397
UT,2021-May-01,0,24,267.3695033,0.98,4.86291121,3.020441746
UT,2021-Jun-01,0,33,270.9336246,1.09,6.735585093,2.084104804
UT,2021-Jul-01,0,38,524.1372561,1.16,11.26624771,2.416353397
UT,2021-Aug-01,0,45,965.5446128,1.09,14.86057339,5.527408395
UT,2021-Sep-01,0,48,1331.74297,1.08,18.0018328,9.000916402
UT,2021-Oct-01,0,51,1250.613905,1.04,18.21326373,8.336419218
UT,2021-Nov-01,0,54,1387.439916,1.02,0,9.665413586
UT,2021-Dec-01,0,56,1244.754248,1.53,0,7.822944121
UT,2022-Jan-01,0,59,7507.066323,1.53,0,8.66866781
UT,2022-Feb-01,0,61,1101.04163,0.6,0,8.759281062
VA,2021-Mar-01,1,0,498.9083547,1.02,16.14368226,13.6680852
VA,2021-Apr-01,1,18,472.0370851,1.01,13.017224,6.020466098
VA,2021-May-01,1,34,185.3559717,0.84,10.40215668,4.834968913
VA,2021-Jun-01,1,45,55.81134788,1.12,5.950730969,2.661557406
VA,2021-Jul-01,1,52,163.2266909,1.35,5.62530037,1.359835007
VA,2021-Aug-01,1,55,837.4142912,1.31,20.92053856,3.602981642
VA,2021-Sep-01,1,57,1166.215422,1.08,24.83732828,10.55324945
VA,2021-Oct-01,1,61,674.04813,0.92,21.71087002,13.44725729
VA,2021-Nov-01,1,63,515.4007126,1.13,12.49421053,9.332884704
VA,2021-Dec-01,1,65,1736.427946,1.39,28.68438288,8.042784826
VA,2022-Jan-01,1,68,4964.350821,1.31,46.68766856,6.810797555
VA,2022-Feb-01,1,71,1056.022297,0.73,32.77551042,25.09302376
VT,2021-Mar-01,0,0,654.150575,1.11,5.455266016,3.690327011
VT,2021-Apr-01,0,19,589.9709748,1.03,5.776164017,3.048531009
VT,2021-May-01,0,38,203.4493326,0.88,3.20898001,1.444041004
VT,2021-Jun-01,0,56,30.48531009,0.89,1.283592004,0.160449
VT,2021-Jul-01,0,66,76.85507123,1.39,1.123143003,0.641796002
VT,2021-Aug-01,0,67,531.2466406,1.39,5.936613018,2.567184008
VT,2021-Sep-01,0,68,876.3724406,1.09,9.145593028,6.57840902
VT,2021-Oct-01,0,70,1047.571524,1.1,10.42918503,7.541103023
VT,2021-Nov-01,0,71,1576.090532,1.13,13.47771604,7.380654022
VT,2021-Dec-01,0,73,2315.760424,1.36,15.08220605,9.787389029
VT,2022-Jan-01,0,78,6421.971244,1.36,21.50016606,10.42918503
VT,2022-Feb-01,0,79,1211.550403,0.84,16.36579805,9.466491028
WA,2021-Mar-01,0,0,311.1861434,1.1,5.951051829,3.668105222
WA,2021-Apr-01,0,18,488.2042842,1.1,11.32495424,3.052479171
WA,2021-May-01,0,33,417.1892541,0.98,10.78628144,3.437245453
WA,2021-Jun-01,0,47,206.8760043,0.97,9.324169569,3.616803051
WA,2021-Jul-01,0,55,267.9255877,1.27,9.324169569,2.321423235
WA,2021-Aug-01,0,58,1093.736633,1.28,23.57334755,6.066481714
WA,2021-Sep-01,0,60,1227.147929,1.01,24.85590182,14.6467698
WA,2021-Oct-01,0,61,863.8387798,0.97,18.50725817,11.61994172
WA,2021-Nov-01,0,64,630.7730173,1.01,16.0575795,8.503334833
WA,2021-Dec-01,0,65,972.4711268,1.47,14.56981655,7.118176218
WA,2022-Jan-01,0,68,5580.073006,1.44,32.64100626,11.99188246
WA,2022-Feb-01,0,70,1076.755615,0.81,28.25467065,13.67202856
WI,2021-Mar-01,0,0,322.4268645,1.09,6.23666166,5.108936538
WI,2021-Apr-01,0,19,417.1216012,1.09,7.398560271,4.066645137
WI,2021-May-01,0,36,238.667644,0.93,7.227692828,4.425466767
WI,2021-Jun-01,0,45,54.72884191,1.07,4.254599324,4.647594443
WI,2021-Jul-01,0,50,163.1613211,1.46,5.091849794,2.768052572
WI,2021-Aug-01,0,52,799.2324634,1.33,17.49682614,3.024353737
WI,2021-Sep-01,0,54,1302.437082,1.13,21.44386406,7.278953061
WI,2021-Oct-01,0,57,1234.278059,1.06,22.67410965,9.021800977
WI,2021-Nov-01,0,58,1678.653018,1.11,26.72366805,10.08117912
WI,2021-Dec-01,0,60,2383.139484,1.27,32.3793804,19.94023057
WI,2022-Jan-01,0,62,5344.357701,1.3,43.04150883,20.52117987
WI,2022-Feb-01,0,64,923.5214413,0.67,28.89368457,15.07050845
WV,2021-Mar-01,0,0,559.0377966,1.1,16.34745757,9.446454723
WV,2021-Apr-01,0,19,644.2821515,1.02,18.49695027,9.163626737
WV,2021-May-01,0,31,461.5187071,0.97,17.13937593,6.391912477
WV,2021-Jun-01,0,34,155.7816545,0.93,12.44443137,3.56363262
WV,2021-Jul-01,0,37,168.2826515,1.35,10.80402905,3.16767344
WV,2021-Aug-01,0,39,1282.56835,1.33,39.93531158,7.806052406
WV,2021-Sep-01,0,40,2871.778801,1.17,62.78781283,33.14743993
WV,2021-Oct-01,0,40,1814.228397,0.94,60.52518894,42.76359144
WV,2021-Nov-01,0,41,1259.263324,1.1,36.20198217,25.00199394
WV,2021-Dec-01,0,0,1887.480845,1.35,39.14339322,26.47269946
WV,2022-Jan-01,0,55,6709.188912,1.35,72.40396434,24.15350998
WV,2022-Feb-01,0,56,2352.450054,0.8,73.64840748,30.82825044
WY,2021-Mar-01,0,0,329.7336833,1.01,6.195413673,4.990749903
WY,2021-Apr-01,0,19,315.277718,1.03,5.334939552,1.20466377
WY,2021-May-01,0,28,344.5338381,1.04,9.637310158,2.065137891
WY,2021-Jun-01,0,32,369.3154928,1.05,9.981499806,4.818655079
WY,2021-Jul-01,0,35,488.2330164,1.23,13.25130147,4.990749903
WY,2021-Aug-01,0,37,1722.497096,1.24,35.79572344,14.11177559
WY,2021-Sep-01,0,39,2661.618552,1.08,41.30275782,23.74908575
WY,2021-Oct-01,0,42,2120.896614,0.98,43.71208536,30.63287872
WY,2021-Nov-01,0,44,1404.81005,0.92,33.73058555,43.71208536
WY,2021-Dec-01,0,46,782.8593555,1.49,20.30718926,16.86529278
WY,2022-Jan-01,0,48,5312.05094,1.5,31.49335284,17.0373876
WY,2022-Feb-01,0,50,1446.284903,0.73,29.60030977,16.00481866
